abstract	body	pmcid	relevancy	title
0.25647843	2.9138837	3667316.0	1.0	0.25647843
0.22448549	5.053435	2823760.0	1.0	0.22448549
0.20628044	0.20628044	2840894.0	2.0	0.20628044
0.17185262	0.17185262	2800864.0	2.0	0.17185262
0.1034496	0.1034496	3156524.0	2.0	0.1034496
0.09622422	4.028116	3726922.0	2.0	0.09622422
3.3390977	2.9142213	2526433.0	2.0	0.07925425
3.2306037	2.709894	3652086.0	2.0	0.07652278
