abstract	body	pmcid	relevancy	title
0.045328032	0.045858264	2856359.0	1.0	0.04316137
1.5201743	1.412986	3652086.0	2.0	0.050726593
0.034559432	0.034943108	3352629.0	2.0	0.032979265
0.06681949	1.733412	3726922.0	2.0	0.06380504
0.15588596	1.6627573	2823760.0	1.0	0.14885344
0.07173005	0.07266339	3156524.0	2.0	0.06892809
1.8321979	1.372217	3876010.0	2.0	0.048001386
0.17810233	1.6836219	3667316.0	1.0	0.17006753
