abstract	body	pmcid	relevancy	title
0.25647843	2.3723977	3667316.0	1.0	0.25647843
0.22448549	3.1928053	2823760.0	1.0	0.22448549
0.20628044	0.20628044	2840894.0	2.0	0.20628044
0.17185262	0.17185262	2800864.0	2.0	0.17185262
0.1034496	0.1034496	3156524.0	2.0	0.1034496
0.09622422	2.2285142	3726922.0	2.0	0.09622422
3.4440193	2.2752836	2526433.0	2.0	0.07925425
3.4064693	2.134362	3652086.0	2.0	0.07652278
