abstract	body	pmcid	relevancy	title
0.17483181	0.2316042	3667316.0	1.0	0.16535634
0.1530234	0.19407392	2823760.0	1.0	0.1447299
0.14067087	0.14287816	2840894.0	2.0	0.132938
0.11714552	0.11909519	2800864.0	2.0	0.11079651
0.07035585	0.07164228	3156524.0	2.0	0.06703424
0.065592475	0.10444009	3726922.0	2.0	0.062037516
0.118068606	0.0818702	2526433.0	2.0	0.050883703
0.11414417	0.07918379	3652086.0	2.0	0.04931532
