abstract	body	pmcid	relevancy	title
0.17810233	1.6836219	3667316.0	1.0	0.17006753
0.15588596	1.6627573	2823760.0	1.0	0.14885344
0.14329422	0.14488505	2840894.0	2.0	0.13674234
0.11933693	0.12074198	2800864.0	2.0	0.113953255
0.07173005	0.07266339	3156524.0	2.0	0.06892809
0.06681949	1.733412	3726922.0	2.0	0.06380504
1.5777266	1.435119	2526433.0	2.0	0.052367587
1.5201743	1.412986	3652086.0	2.0	0.050726593
