abstract	body	pmcid	relevancy	title
0.25647843	2.7547688	3667316.0	1.0	0.25647843
0.22448549	5.755606	2823760.0	1.0	0.22448549
0.20628044	0.20628044	2840894.0	2.0	0.20628044
0.17185262	0.17185262	2800864.0	2.0	0.17185262
0.1034496	0.1034496	3156524.0	2.0	0.1034496
0.09622422	2.971851	3726922.0	2.0	0.09622422
1.8171349	2.7656143	2526433.0	2.0	0.07925425
1.7272196	2.5514169	3652086.0	2.0	0.07652278
