abstract	body	pmcid	relevancy	title
0.25414398	2.7293391	3667316.0	1.0	0.25414398
0.22156824	5.719382	2823760.0	1.0	0.22156824
0.20840488	0.20840488	2840894.0	2.0	0.20840488
0.16956294	0.16956294	2800864.0	2.0	0.16956294
0.10171235	0.10171235	3156524.0	2.0	0.10171235
0.09521733	2.9480147	3726922.0	2.0	0.09521733
1.71956	2.7487006	2526433.0	2.0	0.07808082
1.6174166	2.5670981	3652086.0	2.0	0.07594695
