abstract	body	pmcid	relevancy	title
0.17327082	0.22966802	3667316.0	1.0	0.16392122
0.15106127	0.1917743	2823760.0	1.0	0.14291006
0.14229238	0.14429167	2840894.0	2.0	0.13447571
0.11560497	0.11744907	2800864.0	2.0	0.109366976
0.069208525	0.07038779	3156524.0	2.0	0.06575883
0.06491747	0.103712015	3726922.0	2.0	0.06141455
0.11561529	0.080852464	2526433.0	2.0	0.05008677
0.11154326	0.078769475	3652086.0	2.0	0.04900566
