abstract	body	pmcid	relevancy	title
0.17656912	1.6645539	3667316.0	1.0	0.1686751
0.15393677	1.6425931	2823760.0	1.0	0.1470546
0.14493819	0.14636753	2840894.0	2.0	0.13835531
0.11780556	0.11912694	2800864.0	2.0	0.112538725
0.07057875	0.07142938	3156524.0	2.0	0.067673266
0.066153206	1.7136347	3726922.0	2.0	0.06319564
1.514664	1.4082426	2526433.0	2.0	0.05157657
1.4563539	1.3985274	3652086.0	2.0	0.050419476
