abstract	body	pmcid	relevancy	title
0.25414398	4.930717	3667316.0	1.0	0.25414398
0.22156824	8.789487	2823760.0	1.0	0.22156824
0.20840488	0.20840488	2840894.0	2.0	0.20840488
0.16956294	0.16956294	2800864.0	2.0	0.16956294
0.10171235	0.10171235	3156524.0	2.0	0.10171235
0.09521733	5.274788	3726922.0	2.0	0.09521733
5.0520754	4.7782235	2526433.0	2.0	0.07808082
4.9188576	4.7785273	3652086.0	2.0	0.07594695
