abstract	body	pmcid	relevancy	title
0.17483181	0.2316042	3667316.0	1.0	0.16535634
0.1530234	0.19407392	2823760.0	1.0	0.1447299
0.1227534	0.07556195	3876010.0	2.0	0.04665446
0.11414417	0.07918379	3652086.0	2.0	0.04931532
0.11714552	0.11909519	2800864.0	2.0	0.11079651
0.07035585	0.07164228	3156524.0	2.0	0.06703424
0.118068606	0.0818702	2526433.0	2.0	0.050883703
0.044479053	0.045208946	2856359.0	1.0	0.041938346
