abstract	body	pmcid	relevancy	title
0.20628044	0.20628044	2840894.0	2.0	0.20628044
0.049750328	0.049750328	3352629.0	2.0	0.049750328
1.8168033	2.6933916	3876010.0	2.0	0.07249039
0.065321356	0.065321356	2856359.0	1.0	0.065321356
0.22448549	5.755606	2823760.0	1.0	0.22448549
1.8171349	2.7656143	2526433.0	2.0	0.07925425
0.17185262	0.17185262	2800864.0	2.0	0.17185262
0.25647843	2.7547688	3667316.0	1.0	0.25647843
