pmcid	relevancy	score
3726922.0	2.0	0.06950871
2856359.0	1.0	0.03217703
3667316.0	1.0	0.15936778
3352629.0	2.0	0.02454486
2800864.0	2.0	0.08493447
2526433.0	2.0	0.05614034
3156524.0	2.0	0.05083423
3652086.0	2.0	0.054230347
