pmcid	relevancy	score
3652086.0	2.0	0.07669329
2823760.0	1.0	0.20000587
3352629.0	2.0	0.034711674
2800864.0	2.0	0.120115496
3876010.0	2.0	0.07527253
3667316.0	1.0	0.2253801
3726922.0	2.0	0.09830016
2526433.0	2.0	0.07939443
