pmcid	relevancy	score
2823760.0	1.0	0.20000587
2526433.0	2.0	0.07939443
2856359.0	1.0	0.045505192
3156524.0	2.0	0.07189045
2840894.0	2.0	0.14392546
3726922.0	2.0	0.09830016
3876010.0	2.0	0.07527253
2800864.0	2.0	0.120115496
