pmcid	relevancy	score
3667316.0	1.0	0.15936778
2823760.0	1.0	0.1414255
2840894.0	2.0	0.10177066
2800864.0	2.0	0.08493447
3726922.0	2.0	0.06950871
2526433.0	2.0	0.05614034
3652086.0	2.0	0.054230347
3876010.0	2.0	0.05322572
