pmcid	relevancy	score
3352629.0	2.0	0.034711674
2856359.0	1.0	0.045505192
2823760.0	1.0	0.20000587
3726922.0	2.0	0.09830016
2800864.0	2.0	0.120115496
3652086.0	2.0	0.07669329
2526433.0	2.0	0.07939443
3667316.0	1.0	0.2253801
