pmcid	relevancy	score
2856359.0	1.0	0.03217703
3667316.0	1.0	0.15936778
2526433.0	2.0	0.05614034
2823760.0	1.0	0.1414255
3876010.0	2.0	0.05322572
3726922.0	2.0	0.06950871
3652086.0	2.0	0.054230347
2800864.0	2.0	0.08493447
