pmcid	relevancy	score
2840894.0	2.0	0.14392546
2800864.0	2.0	0.120115496
2823760.0	1.0	0.20000587
3652086.0	2.0	0.07669329
3876010.0	2.0	0.07527253
3726922.0	2.0	0.09830016
3156524.0	2.0	0.07189045
3352629.0	2.0	0.034711674
